<?xml version="1.0" encoding="UTF-8"?>
<!DOCTYPE suite SYSTEM "https://testng.org/testng-1.0.dtd">
<suite name="Suite">
  <test thread-count="5" name="Test">
   <parameter name="url" value="https://buffalocart.com/demo/billing/public/login"/>
   <parameter name="browser" value="firefox"/>
    <classes>
      <class name="com.democompany.automationcore.Base"/>
      <class name="testscripts.LoginTest"/>
		 <class name="testscripts.ResetPasswordTest"/>
         <class name="testscripts.UsersTest"/>
          <class name="testscripts.RolesTest"/>
           <class name="testscripts.AddRoleTest"/>
           <class name="testscripts.SalescommissionTest"/>
   
       
    </classes>
  </test> <!-- Test -->
</suite> <!-- Suite -->
